doc,sid,speaker,transcription,cleaned_transcription,translation,similarity
2012-03-02-e,2012-03-02-e_000181,Soledad García Bautista,"ta1 kum3pa4ri2[=yu1] Betu kan4 ni1-sa3na3 i3ni2=ra1 ka4chi2 ta1, nda4tu'4un4=ra2 ji'4in(4)=2, su14u3 i3nda14 ta1 kum3pa4ri2[=yu1] Betu ndi4 sa3kan4 ndo'13o3 tu3 Poco ba3 ni1-sa3na3 i3ni2=ra1 i13xa3 <i>ánima</i> yu3ku4 tan3","ta1 kum3pa4ri2=yu1 Betu kan4 ni1-sa3na3 i3ni2=ra1 ka4chi2 ta1, nda4tu'4un4=ra2 ji'4in(4)=2, su14u3 i3nda14 ta1 kum3pa4ri2=yu1 Betu ndi4 sa3kan4 ndo'13o3 tu3 Poco ba3 ni1-sa3na3 i3ni2=ra1 i13xa3 ánima yu3ku4 tan3","mi compadre Beto, eso fue mientras estaba loco. También a su hermano Prócoro le pasó lo mismo, fue afectado por un espíritu de cerro y",0.9090909090909091
2012-03-02-p,2012-03-02-p_000036,Fernando Niño Leonardo,"I3kan4 ka4chi2 ka'4an4=ra2 so'3o3 ndi4, ""Na4 ni4-ka'1an1=ndo4 ji'4in(4)=2 ndi4 ta1 ja1 kwa'1an1 ku4u4 xi1i4=2 tan3 ku'1un(1)=i1 ji'4in4 ba3=ra2 ndi4 ta1 ni1-ka'1an1 ku4u4=ra2 ndi4 ku'1un(1)=i1 ji'4in4=ra2 tan3 ndo'4o1 ndi4 ni14-ka'1an1=ndo4 ji'4in(4)=2 tan3 bi3tin3 ndi4 ta1 ku'1un1 ku4u4 ba(3)=2, ni3 ba143 i4yo(2)=a2 nda3ñu'4u4 bi4=2 ndi4 na'4a1 ba3 xa'1a4 ta1 kan4 mi4i4 ba42 kwa'1an1=ra1 tan3 sa3kan4 ndi4 ku'1un(1)=i1 ja1ta4=ra3"".","I3kan4 ka4chi2 ka'4an4=ra2 so'3o3 ndi4, ""Na4 ni4-ka'1an1=ndo4 ji'4in(4)=2 ndi4 ta1 ja1 kwa'1an1 ku4u4 xi1i4=2 tan3 ku'1un(1)=i1 ji'4in4 ba3=ra2 ndi4 ta1 ni1-ka'1an1 ku4u4=ra2 ndi4 ku'1un(1)=i1 ji'4in4=ra2 tan3 ndo'4o1 ndi4 ni14-ka'1an1=ndo4 ji'4in(4)=2 tan3 bi3tin3 ndi4 ta1 ku'1un1 ku4u4 ba(3)=2, ni3 ba143 i4yo(2)=a2 nda3ñu'4u4 bi4=2 ndi4 na'4a1 ba3 xa'1a4 ta1 kan4 mi4i4 ba42 kwa'1an1=ra1 tan3 sa3kan4 ndi4 ku'1un(1)=i1 ja1ta4=ra3"".","Entonces el niño dijo, ""Me hubieran dicho que mi abuelo se iba para acompañarlo, yo ya le había dicho que lo iba a acompañar, pero no me dijeron, mas no importa, de todas maneras voy a ir, no me perderé, iré siguiendo sus huellas"".",0.8181818181818182
2008-11-15-g,2008-11-15-g_000055,Constantino Teodoro Bautista,"tan3 sa3kan4 ko3ndo'3o3 ba3 ta1 yu4bi24 sa3kan4 ku3ni2=ra1 ndi4, sa1a3 ko3o3=ra2 ko3ndo3=ra2 ta1a3 ni1-ka3chi2 kum3pa4ri2=ra1 ji'4in4=ra3","tan3 sa3kan4 ko3ndo'3o3 ba3 ta1 yu4bi24 sa3kan4 ku3ni2=ra1 ndi4, sa1a3 ko3o3=ra2 ko3ndo3=ra2 ta1a3 ni1-ka3chi2 kum3pa4ri2=ra1 ji'4in4=ra3","""Pues el hombre debe pasar por esas cosas para que se enseñe a ser menos ingenuo"", le dijo su compadre.",0.8181818181818182
2008-11-15-g,2008-11-15-g_000072,Constantino Teodoro Bautista,"bi3tin3 ba42 ji4ni2=yu1 ndi4 ni1-ke3-ba'1a3=2, ya1 yo'4o4 ba3 ku4u4 kum3pa4ri2=o4 xa'4an1=ra1 tan3 ba143 nda4tu'4un4 ta1 yo'4o4 ji'4in(4)=o4 ndi4, so'3o3 ni1-i3xa3=ra2 ji'4in(4)=2 mi4i4 ni1-xa'1an1=yu1","bi3tin3 ba42 ji4ni2=yu1 ndi4 ni1-ke3-ba'1a3=2, ya1 yo'4o4 ba3 ku4u4 kum3pa4ri2=o4 xa'4an1=ra1 tan3 ba143 nda4tu'4un4 ta1 yo'4o4 ji'4in(4)=o4 ndi4, so'3o3 ni1-i3xa3=ra2 ji'4in(4)=2 mi4i4 ni1-xa'1an1=yu1","""Ahora sí me fue bien, el compadre hace esto cada vez que va y no me cuenta nada, así me hizo ahora que fui con él"".",0.8181818181818182
2008-10-28-c,2008-10-28-c_000125,Victorino Ramos Rómulo,"Ndi4 sa3kan4 ka4a(4)=e2 i4yo2 ndi4, ku'1un1 ba3=ra2 ndi4 ba143 ndu4ta'3an2 ja3 ba3=ra2 ku3ndi3ka2=ra1 ma'14ñu3 ki3ti4 ndi4 ta1 yu4bi24 ba3 ku4u4 ta1 kan4 tan3 ti4 kan4 ndi4 ki3ti4 ku4u4=ri4, ka4chi2=ra1 so'3o3.","Ndi4 sa3kan4 ka4a(4)=e2 i4yo2 ndi4, ku'1un1 ba3=ra2 ndi4 ba143 ndu4ta'3an2 ja3 ba3=ra2 ku3ndi3ka2=ra1 ma'14ñu3 ki3ti4 ndi4 ta1 yu4bi24 ba3 ku4u4 ta1 kan4 tan3 ti4 kan4 ndi4 ki3ti4 ku4u4=ri4, ka4chi2=ra1 so'3o3.","Les dijo lo que pasaba, les dijo que efectivamente no era correcto que él viviera con ellos pues él era un humano y ellos eran animales.",0.7272727272727273
2016-05-22-i,2016-05-22-i_000098,Constantino Teodoro Bautista,tan(3)=e2 ndi3xa3 ku4u4 ba(3)=e2 ndi4 ya1 ba'14a4 kan4 i4yo2 nu14u3 ndo'1yo3 ndi4 sa3kan4 ni1-ndo'3o3 yu'1u1 ji'4in4 ta1 lu3u3 se'1e3=2 i4ta4=ra2 tan3,tan(3)=e2 ndi3xa3 ku4u4 ba(3)=e2 ndi4 ya1 ba'14a4 kan4 i4yo2 nu14u3 ndo'1yo3 ndi4 sa3kan4 ni1-ndo'3o3 yu'1u1 ji'4in4 ta1 lu3u3 se'1e3=2 i4ta4=ra2 tan3,"Y es cierto que esos pantanos ocultan esos espíritus malignos, me pasó con uno de mis hijos cuando estaba muy pequeño.",0.7272727272727273
2008-12-07-f,2008-12-07-f_000026,Maximino Meza Teodoro,"""Nda3-ta3ba(4)=on4=a2"", ka4chi2[=yu1] ji'4in(4)=un4, chi13ka2 ni3 tu3ku3=ra2 si1si'4i2=ra1 ya1..., si1si'4i2 ta1 sa1bi4 kan4 kwa'1an(1)=en4 ka'4an2=en4 ji'4in4 yu3ba(4)=en4 ndi4, ""Kwa'4an2=on4 tan3 sa3kan4 ndi4 ka'1an(1)=on4 ji'4in4 yu3ba(4)=on4 na4 nda3-ta3ba4=ra2 i3kin4 na4 nda3-ta3ba4=ra2 ndi3chi2,","""Nda3-ta3ba(4)=on4=a2"", ka4chi2=yu1 ji'4in(4)=un4, chi13ka2 ni3 tu3ku3=ra2 si1si'4i2=ra1 si1si'4i2 ta1 sa1bi4 kan4 kwa'1an(1)=en4 ka'4an2=en4 ji'4in4 yu3ba(4)=en4 ndi4, ""Kwa'4an2=on4 tan3 sa3kan4 ndi4 ka'1an(1)=on4 ji'4in4 yu3ba(4)=on4 na4 nda3-ta3ba4=ra2 i3kin4 na4 nda3-ta3ba4=ra2 ndi3chi2,","El señor del fuego envió nuevamente a su esposa que fuera a decirle a su papá, ""Vete y dile a tu papá que recoja sus calabazas y sus ejotes,",0.7272727272727273
2008-12-07-f,2008-12-07-f_000021,Maximino Meza Teodoro,"Lu14u3 ni3i4 ndi4 nde4e4 ni3i4 nde4e4 i3kin4 nde4e4 ndi3chi2 nde4e4 ya1ma4=ra2 tan3 ja143 ka4chi2=ra1 ji'4in4 ta1 kan4 ndi4, ""Ku'1un(1)=un4 tan3 sa3kan4 nda3-ta3ba4=ndo4=a2 a1chi1 ndi4 ta1 ka'3mi3 ku4u4 yu'1u1, ja1 ki1bi4 ko3ko3 ba43"".","Lu14u3 ni3i4 ndi4 nde4e4 ni3i4 nde4e4 i3kin4 nde4e4 ndi3chi2 nde4e4 ya1ma4=ra2 tan3 ja143 ka4chi2=ra1 ji'4in4 ta1 kan4 ndi4, ""Ku'1un(1)=un4 tan3 sa3kan4 nda3-ta3ba4=ndo4=a2 a1chi1 ndi4 ta1 ka'3mi3 ku4u4 yu'1u1, ja1 ki1bi4 ko3ko3 ba43"".","Tenía mucha mazorcas, calabazas y ejotes así que le dijo al señor de la lluvia que quitara sus mazorcas porque él iba a quemar, ya era hora.",0.7272727272727273
2012-10-28-i,2012-10-28-i_000054,Mario Salazar Felipe,"Ja14-ta3nda'3a4=ra2 ta1 kan4 tan3, ba'1a3 ba3 ta1, ta1 sa1bi4 ndi4 i4yo2 xu'14un4 na1 kan4 i4yo2, i4yo2 ki3ti4 sa1na1 na1 kan4 xa'13ni4=ra2 ji1ndi1ki4 ni1-xa'3ni4=ra2 ni1-ta3nda'3a4 ba3 ta1 kan4 ji'4in4 si1si'4i2=ra1.","Ja14-ta3nda'3a4=ra2 ta1 kan4 tan3, ba'1a3 ba3 ta1, ta1 sa1bi4 ndi4 i4yo2 xu'14un4 na1 kan4 i4yo2, i4yo2 ki3ti4 sa1na1 na1 kan4 xa'13ni4=ra2 ji1ndi1ki4 ni1-xa'3ni4=ra2 ni1-ta3nda'3a4 ba3 ta1 kan4 ji'4in4 si1si'4i2=ra1.","Así que el señor de la lluvia casó a la pareja, el señor de la lluvia tenía dinero, tenía reses, mató varias vacas para la boda de la pareja.",0.7272727272727273
2008-12-07-f,2008-12-07-f_000017,Maximino Meza Teodoro,"ja14-ndi'3i3 ta1 sa1bi4 ji13tu3=ra2 tan3 nda4a(2)=e2 ba42 kan4 ndi4 sa3kan4 ka4a4 ba3 ku'1u1 i4ndu'3u4=a2 chi1, xa1 o4ra2 o4ra2 tan3 ja143 i1xa14a3 ni1-xa1a1 ta1 xi1i4 tan3 ka4chi2=ra1 so'3o3 ndi4:","ja14-ndi'3i3 ta1 sa1bi4 ji13tu3=ra2 tan3 nda4a(2)=e2 ba42 kan4 ndi4 sa3kan4 ka4a4 ba3 ku'1u1 i4ndu'3u4=a2 chi1, xa1 o4ra2 o4ra2 tan3 ja143 i1xa14a3 ni1-xa1a1 ta1 xi1i4 tan3 ka4chi2=ra1 so'3o3 ndi4:","Cuando el señor de la lluvia terminó de tumbar el monte el señor del fuego aún no había hecho nada, ya casi a la hora de quemar llegó el señor del fuego y dijo:",0.7272727272727273
2008-12-07-f,2008-12-07-f_000016,Maximino Meza Teodoro,"Ya1 kan4 ndi4 ja1 i4yo2 ba'1a3 ji'4in(4)=a3, ya1 ta'1nda1 ku4u4 ba(3)=e3"", sa3kan4 ku4u4, ja1 ni1-sa4-ndi'3i3 ba3 ta1, xi1..., sa1bi4 ji13tu3=ra2 tan3","Ya1 kan4 ndi4 ja1 i4yo2 ba'1a3 ji'4in(4)=a3, ya1 ta'1nda1 ku4u4 ba(3)=e3"", sa3kan4 ku4u4, ja1 ni1-sa4-ndi'3i3 ba3 ta1, sa1bi4 ji13tu3=ra2 tan3","""Eso ya está hecho, voy a tumbar ese monte"". Mientras tanto el señor de la lluvia ya había terminado de tumbar el monte.",0.7272727272727273
2012-03-03-c,2012-03-03-c_000197,Santa Cruz Tiburcio Pastor,"""An4 ja1 ni1-ta1nda3a2 ba3 ya1 kan4 ndi4 su3u3 tan3 su3u3 ndu13-ku3ta'4an(4)=e4 yo'4o4"", ka4chi2=ra1 so'3o3. ""Ba3 sa3kan4 ba3 ran4 ji3to2"", ka4chi2[=yu1] ji'4in4=ra2 ni14-ni'1i4 ka(1)=e1 yo3o3 ba42 nda3-kwi3in3 bi4=2 yu'3u4=ra2 ndi4, ""Ba3 sa3kan4 ba3 ran4 ji3to2"", ka4chi2[=yu1] so'3o3.","""An4 ja1 ni1-ta1nda3a2 ba3 ya1 kan4 ndi4 su3u3 tan3 su3u3 ndu13-ku3ta'4an(4)=e4 yo'4o4"", ka4chi2=ra1 so'3o3. ""Ba3 sa3kan4 ba3 ran4 ji3to2"", ka4chi2=yu1 ji'4in4=ra2 ni14-ni'1i4 ka(1)=e1 yo3o3 ba42 nda3-kwi3in3 bi4=2 yu'3u4=ra2 ndi4, ""Ba3 sa3kan4 ba3 ran4 ji3to2"", ka4chi2=yu1 so'3o3.","""Será que ya llegó nuestra hora porque nos volvimos a encontrar en el mismo lugar"", dijo. ""Puede ser tío"", le dije, no supe qué decir y sólo atiné a decirle, ""Puede ser tío.",0.7272727272727273
2013-03-29-r,2013-03-29-r_000185,Maximino Meza Teodoro,"""Ba'1a3 ba3 ka4chi2 ta1 kan4"", ndi13-ki'3in3=ra2 tu1xi42 ndi13-ki'3in3=ra2 ti1chi4 tan3 kwa1nu'1u4 ba3=ra2 nda13-xa2a2=ra1 tan3 ja143 ka'4an2=ra1 ji'4in(4)=a2 ta4u3ni2 kan4 ndi4, ""Yo'4o4 ki13xa2a2 ti1chi4 ji'4in(4)=2"".","""Ba'1a3 ba3 ka4chi2 ta1 kan4"", ndi13-ki'3in3=ra2 tu1xi42 ndi13-ki'3in3=ra2 ti1chi4 tan3 kwa1nu'1u4 ba3=ra2 nda13-xa2a2=ra1 tan3 ja143 ka'4an2=ra1 ji'4in(4)=a2 ta4u3ni2 kan4 ndi4, ""Yo'4o4 ki13xa2a2 ti1chi4 ji'4in(4)=2"".","""Está bien"", dijo el hombre y luego se fue a su casa, cuando llegó le entregó las iguanas a la señora diciendo, ""Aquí traje las iguanas"".",0.7272727272727273
2013-03-29-r,2013-03-29-r_000034,Maximino Meza Teodoro,"Nda143 ki'4in4 ti4=ri4 ka3a2 tan3 xi4nu3=ri4 kwa'1an1 ba3=ri4 ko14o3 ka1=ri4 xa'4ni24=ra2, tan3 ña4 si'4i2=ra1 ndi4 ña4 ja1 ni1-ki'1bi3 ba'1a3 ku4u4 ba(3)=en4 kan4 ji'4in4 ta1 i4yo2 ji'4in(4)=an4.","Nda143 ki'4in4 ti4=ri4 ka3a2 tan3 xi4nu3=ri4 kwa'1an1 ba3=ri4 ko14o3 ka1=ri4 xa'4ni24=ra2, tan3 ña4 si'4i2=ra1 ndi4 ña4 ja1 ni1-ki'1bi3 ba'1a3 ku4u4 ba(3)=en4 kan4 ji'4in4 ta1 i4yo2 ji'4in(4)=an4.","Cuando le disparaba a los venados ya no se morían se le escapaban, ya no los recogía. Y la mujer del cazador ya era amante de su ayudante.",0.7272727272727273
2013-03-29-q,2013-03-29-q_000086,Maximino Meza Teodoro,"Ji13ni2 ba3 ta1, ta1 ku4nu24 ndi4-ki3ta'4an4 ji'4in4=na2 ndi4 sa3kan4 ka4a(4)=e2 ndo'4o4=na2 tan3 xa143 ni1-nda3-xi4ta3=ra2 sa1bi4 tan3 ta1chi4 nda'13ba2=ra1 ñu'3u2 nda'3a4 na1 tu3un4 ña1a4 ndi4 nda143 ñu'4u4 na3a4 na1 ña1a4.","Ji13ni2 ba3 ta1, ta1 ku4nu24 ndi4-ki3ta'4an4 ji'4in4=na2 ndi4 sa3kan4 ka4a(4)=e2 ndo'4o4=na2 tan3 xa143 ni1-nda3-xi4ta3=ra2 sa1bi4 tan3 ta1chi4 nda'13ba2=ra1 ñu'3u2 nda'3a4 na1 tu3un4 ña1a4 ndi4 nda143 ñu'4u4 na3a4 na1 ña1a4.","Cuando el jefe se dio cuenta de ello hizo llover con mucho viento, con ello apagó las antorchas de los negros y quedaron a oscuras.",0.7272727272727273
2012-03-02-c,2012-03-02-c_000043,Maximiliano Francisco González,"Ya1 kan4 ni1-ku3-so'4o4=ra2 ni1-ti14bi3=ra2 ka4chi2=na1, ya1 kan4 ndi4 ba3 i3kan4 kwa1nu'1u4 ta1 ta4u3ni2 kan4, a1chi1 ndi4 ya1, ya1 a3sa3 ma1ni4 ña'3a4 ba42 tan3 ni1-i3xa3=ra2 sa3kan4 ndi4 ni14-xi3kwe4nda2=ra(1)=e1 tan3","Ya1 kan4 ni1-ku3-so'4o4=ra2 ni1-ti14bi3=ra2 ka4chi2=na1, ya1 kan4 ndi4 ba3 i3kan4 kwa1nu'1u4 ta1 ta4u3ni2 kan4, a1chi1 ndi4 ya1, ya1 a3sa3 ma1ni4 ña'3a4 ba42 tan3 ni1-i3xa3=ra2 sa3kan4 ndi4 ni14-xi3kwe4nda2=ra(1)=e1 tan3","Por eso quedó mal, quedó sordo, así que cuando se murió ese señor seguramente fue llevado a ese lugar, porque le habían regalado dinero y no cumplió lo que le dijeron.",0.7272727272727273
2013-03-29-r,2013-03-29-r_000016,Maximino Meza Teodoro,"""Ya1 kwi3i3 ku4u4 ba(3)=e2 kan4 a1chi1 ndi4 ta1 i4ndu'3u4 ji'4in(4)=2 ndi4 ba143 ndi'4i13 ka1 i3ni2=ra1 ku4u(4)=2 ndi4 su3u3 tan3 su3u3 i3su2 xi4ka3=ra2 ja1ta4"", ka4chi2=an4 so'3o3.","""Ya1 kwi3i3 ku4u4 ba(3)=e2 kan4 a1chi1 ndi4 ta1 i4ndu'3u4 ji'4in(4)=2 ndi4 ba143 ndi'4i13 ka1 i3ni2=ra1 ku4u(4)=2 ndi4 su3u3 tan3 su3u3 i3su2 xi4ka3=ra2 ja1ta4"", ka4chi2=an4 so'3o3.","La mujer le dijo al hombre, ""Eso que pides es posible, sobre todo porque mi esposo ya no me hace caso, siempre anda de cacería"".",0.7272727272727273
2012-03-02-x,2012-03-02-x_000392,Maximiliano Francisco González,"Ya1 kan4 ndi4 ta1 ja1 xi'4i1 ku4u4 ba3=ra2 ji'4in4, ya1 ja1 mi3i4 i'4na4 ti4 tan3 ku4ni2 ka'3ni4=a2=ra1 ran4.","Ya1 kan4 ndi4 ta1 ja1 xi'4i1 ku4u4 ba3=ra2 ji'4in4, ya1 ja1 mi3i4 i'4na4 ti4 tan3 ku4ni2 ka'3ni4=a2=ra1 ran4.","Su caso era grave, la misma señal de mal agüero estuvo a punto de matarlo.",0.7272727272727273
2008-11-01-g,2008-11-01-g_000151,Carlos Rómulo Santiago,ku4-ba3ta4=lu(3)=an4 ji'4in4=ra2 sa3kan4 tan3 ta1 kan4 ndi4 ku14ni2=ra1 ku3-ba3ta(4)=en4 ji'4in4=ra2 ndi4 ji4ni2=ra1 ndi4 ña4 si'4i2 ya3ni2=ra1 ban4.,ku4-ba3ta4=lu(3)=an4 ji'4in4=ra2 sa3kan4 tan3 ta1 kan4 ndi4 ku14ni2=ra1 ku3-ba3ta(4)=en4 ji'4in4=ra2 ndi4 ji4ni2=ra1 ndi4 ña4 si'4i2 ya3ni2=ra1 ban4.,"la princesa le empezó a hacer caricias, pero él no quería que lo acariciara porque sabía que era la mujer de su hermano.",0.7272727272727273
2012-03-02-q,2012-03-02-q_000020,Fernando Niño Leonardo,"ndo1o3=a2 ji'4in4 tan3 na1 ba143 ba'1a3 i3ni2 sa3kan4 ndi4 na4 nda3-ndi3ko4=na2 xa'1a4=e2 ko3ndo'3o3=na2 tan42 yo4o4, tan42 na1 nda'4bi2 ta'4an(4)=e4 ndo'4o4=na2 ndi4 sa3kan4 ko3ndo'3o3 tu3 ta1 kan4 ba3, ka4chi2=ra1 so'3o3.","ndo1o3=a2 ji'4in4 tan3 na1 ba143 ba'1a3 i3ni2 sa3kan4 ndi4 na4 nda3-ndi3ko4=na2 xa'1a4=e2 ko3ndo'3o3=na2 tan42 yo4o4, tan42 na1 nda'4bi2 ta'4an(4)=e4 ndo'4o4=na2 ndi4 sa3kan4 ko3ndo'3o3 tu3 ta1 kan4 ba3, ka4chi2=ra1 so'3o3.","merecen las riquezas, la gente de mal corazón deben volver a sufrir como las personas pobres, así debe pasar también con este hombre"", dijo.",0.7272727272727273
2012-10-28-b,2012-10-28-b_000089,Mario Salazar Felipe,Xa1 ku'4u2 ba3=ra2 sa3kan4 ba42 ndi4 nda13tu'4un4=ra2 ndi4 ji'4in4 ta1 kan4 ni1-xa'1an1=ra1.,Xa1 ku'4u2 ba3=ra2 sa3kan4 ba42 ndi4 nda13tu'4un4=ra2 ndi4 ji'4in4 ta1 kan4 ni1-xa'1an1=ra1.,Ya que estaba enfermo nos comentó que fue con su amigo a cazar.,0.7272727272727273
2012-03-02-m,2012-03-02-m_000018,Fernando Niño Leonardo,"nda1 ndi'4i(4)=a2 ba42 ka'4an2=ra1 ji'4in4 ba3 a1chi1 ndi4 ta1, ta1 nda'4bi2 ku4u4 ku4u4=ra2 na4 nda'3a2 na1kwa4chi3, an4 na1kwa4chi3 ku4u4=na2 an4 na1 xu13xa3 tu3 ku4u4=na2 ndi4 ya1 kan4 ba42 nda'4bi2 ku4u4 na1 nda'4bi2 ji'4in4 ta'4an4=na2 tan3 ya'4a13 ki1bi4 kwa'1an(1)=e1.","nda1 ndi'4i(4)=a2 ba42 ka'4an2=ra1 ji'4in4 ba3 a1chi1 ndi4 ta1, ta1 nda'4bi2 ku4u4 ku4u4=ra2 na4 nda'3a2 na1kwa4chi3, an4 na1kwa4chi3 ku4u4=na2 an4 na1 xu13xa3 tu3 ku4u4=na2 ndi4 ya1 kan4 ba42 nda'4bi2 ku4u4 na1 nda'4bi2 ji'4in4 ta'4an4=na2 tan3 ya'4a13 ki1bi4 kwa'1an(1)=e1.","desea que el enfermo se cure, porque tiene la intención de ayudar a la curación del niño o de la persona grande que está enferma.",0.7272727272727273
2008-12-07-f,2008-12-07-f_000080,Maximino Meza Teodoro,"na4 ko3to3 mi3i4 yu3ba(4)=e4 sa1a3 a3sa3=ra2 tan3 ku3-ta3ku2=ra1 ndi4 ta1 ku'1un1 tu3 ku4u4 yu'1u1 ba3 tan42 ta1 kan4 ndi4 ta4yu4 ta1 kan4 a1chi1 ndi4 kwi4i4, ya1kan3, ko4so1=ra(1)=e1 tan3 sa3kan4 tu3 yu'1u1 ba3 ndi4 ta1 ta4yu4 tu3 ku4u4 yu'1u1 ba3"", ka4chi2=ra1.","na4 ko3to3 mi3i4 yu3ba(4)=e4 sa1a3 a3sa3=ra2 tan3 ku3-ta3ku2=ra1 ndi4 ta1 ku'1un1 tu3 ku4u4 yu'1u1 ba3 tan42 ta1 kan4 ndi4 ta4yu4 ta1 kan4 a1chi1 ndi4 kwi4i4, ya1kan3, ko4so1=ra(1)=e1 tan3 sa3kan4 tu3 yu'1u1 ba3 ndi4 ta1 ta4yu4 tu3 ku4u4 yu'1u1 ba3"", ka4chi2=ra1.","Lo voy a hacer como una forma de castigar a tu papá, él se cree muy poderoso porque puede hacer llover y regar su milpa, yo también tengo mis dones"", dijo.",0.7272727272727273
2012-10-28-i,2012-10-28-i_000195,Mario Salazar Felipe,"Tan3 na3..., ka4chi2 ta1 sa1bi4 ndi4 i4yo2=ra1 nda3-chi'3i3=ra2 nu1ni4 nu14u3 ña'1a3 ta1 kan4 tan3 sa3kan4 ndi4 nda3-ko1o3=ra(2)=e2 ma1ni4 ji'4in4 ta1 kan4.",Tan3 ka4chi2 ta1 sa1bi4 ndi4 i4yo2=ra1 nda3-chi'3i3=ra2 nu1ni4 nu14u3 ña'1a3 ta1 kan4 tan3 sa3kan4 ndi4 nda3-ko1o3=ra(2)=e2 ma1ni4 ji'4in4 ta1 kan4.,Así que el señor de la lluvia dijo que estaba dispuesto a volver a sembrar la tierra del señor del fuego para hacer las paces.,0.7272727272727273
2012-03-02-q,2012-03-02-q_000015,Fernando Niño Leonardo,"ta1 yo'4o4 ndi4 ta1 kwe'1e1 ku4u4 ba3=ra2 ndi4 ba14sa4 ni4-ju3-ni'3i3 ba'1a3=ra2 yu'1u1 ndi4 so'3o3 i13xa3=ra2 ji'4in(4)=2"". A4su3 a1su3=a2 kan4 ka4chi2[=yu1] ji'4in(4)=un4 ndi4 ji'3na3 mi3i(4)=un4 ku'1un1 sa3kan4 ndi4 ku3ni2=un4 ndi4 sa3kan4 ndi'3i3 ku'1un1=ra1 ji'4in4 ndi3se'1e3 ndi3sa1na1 ki1bi4 ki'3in(3)=a2 ku'1un1"".","ta1 yo'4o4 ndi4 ta1 kwe'1e1 ku4u4 ba3=ra2 ndi4 ba14sa4 ni4-ju3-ni'3i3 ba'1a3=ra2 yu'1u1 ndi4 so'3o3 i13xa3=ra2 ji'4in(4)=2"". A4su3 a1su3=a2 kan4 ka4chi2=yu1 ji'4in(4)=un4 ndi4 ji'3na3 mi3i(4)=un4 ku'1un1 sa3kan4 ndi4 ku3ni2=un4 ndi4 sa3kan4 ndi'3i3 ku'1un1=ra1 ji'4in4 ndi3se'1e3 ndi3sa1na1 ki1bi4 ki'3in(3)=a2 ku'1un1"".","ese hombre no es bueno, no me recibió bien, me dio un mal trato"". ""Te dije que fueras tú primero para que vieras el trato que te daba, así va a tratar a toda la gente en días venideros"".",0.7272727272727273
2008-12-07-f,2008-12-07-f_000107,Maximino Meza Teodoro,"Tan3 ta1, tan3 ña4 kan4 ta13xi(3)=an4=e2 nda'3a4=ra2 tin3 i3kan4 xi13xi3=ra2 lu3lu(3)=a2 kan4 tan3, i3kan4 ja143 ka4chi2=ra1 ji'4in(4)=an4 ndi4, ""¿Tan3 sa1a3 ko3o3 tan3 sa3kan4 nda3-ndi3ko4 se'1e(3)=o4 nda3-xa2a2=ra1?"".","Tan3 ta1, tan3 ña4 kan4 ta13xi(3)=an4=e2 nda'3a4=ra2 tin3 i3kan4 xi13xi3=ra2 lu3lu(3)=a2 kan4 tan3, i3kan4 ja143 ka4chi2=ra1 ji'4in(4)=an4 ndi4, ""¿Tan3 sa1a3 ko3o3 tan3 sa3kan4 nda3-ndi3ko4 se'1e(3)=o4 nda3-xa2a2=ra1?"".","Su esposa le dio el pedazo de tortilla y se la comió inmediatamente, después que comió le dijo a su esposa, ""¿Y cómo vamos a hacer para que regrese nuestro yerno?"".",0.7272727272727273
2013-03-29-r,2013-03-29-r_000149,Maximino Meza Teodoro,"Ti13in3 ba3 ta1 kwa1on4 ya4cha2 ka13ni3=ra2 xa'1a4 i3tun4 ka13ndi3ta3 ti4=a2 chi2, ti13in3=ra(2)=e2 tan3 ka13ni3 ndi3chi2=ra1 yu'3u4=a2 nu14u3 yu1u4, kwa1chi3 sa4ka2 ta1 ka1a3 ji'4in(4)=o4 ndi4 ta'4bi4 ndi'3i3=ra2 yu'3u4 ya4cha2 yo4o4 ka'4an4 ta1 kan4.","Ti13in3 ba3 ta1 kwa1on4 ya4cha2 ka13ni3=ra2 xa'1a4 i3tun4 ka13ndi3ta3 ti4=a2 chi2, ti13in3=ra(2)=e2 tan3 ka13ni3 ndi3chi2=ra1 yu'3u4=a2 nu14u3 yu1u4, kwa1chi3 sa4ka2 ta1 ka1a3 ji'4in(4)=o4 ndi4 ta'4bi4 ndi'3i3=ra2 yu'3u4 ya4cha2 yo4o4 ka'4an4 ta1 kan4.","El espíritu tomó el hacha y dio un golpe sobre la rama del árbol, no logró penetrar la rama, salió rechazada por el golpe, el espíritu al ver eso dio un golpe con el hacha sobre una piedra, el hombre pensó que eso dañaría su hacha.",0.7272727272727273
2008-11-15-g,2008-11-15-g_000070,Constantino Teodoro Bautista,"su3u3 ta1 ni1-xi'1i1 ku4u4 ta1 ña1a4 ka4ndu'3u4=ra2 mi4i4 nda13ba3=ra2 ta'3bi4 tan3, xu'14un4 kan4 ndi4 ndi13-ki'3in3=ra(2)=e2 kan4 tan3, u1bi1 *bolsa** sa3kan4 kwa1nu'1u4 ji'4in4=ra2 nda13-xa2a2=ra1 be'3e3","su3u3 ta1 ni1-xi'1i1 ku4u4 ta1 ña1a4 ka4ndu'3u4=ra2 mi4i4 nda13ba3=ra2 ta'3bi4 tan3, xu'14un4 kan4 ndi4 ndi13-ki'3in3=ra(2)=e2 kan4 tan3, u1bi1 bolsa sa3kan4 kwa1nu'1u4 ji'4in4=ra2 nda13-xa2a2=ra1 be'3e3","Y ahí se dio cuenta que el compadre envidioso había muerto al caer al barranco, así que tomó el dinero de su compadre y se fue a su casa con todo el dinero.",0.7272727272727273
2012-03-02-q,2012-03-02-q_000010,Fernando Niño Leonardo,ja143 ni1-xa1a1=ra1 nu14u3 ta1 kan4 su3 xe'1e1 ba3 San Antoniu ni1-ti3in3=ra2 tan3 ki13ta'4ni3=ra(2)=e2 ke'3e2 kan4 ba3 ndi4chi(2)=a2 ndi4 na4 ku3-nda3tu(3)=a2 na4 ndi'3i3 ku3xi3=ra2 sa3kan4 ndi4 ku3xi(3)=a3.,ja143 ni1-xa1a1=ra1 nu14u3 ta1 kan4 su3 xe'1e1 ba3 San Antoniu ni1-ti3in3=ra2 tan3 ki13ta'4ni3=ra(2)=e2 ke'3e2 kan4 ba3 ndi4chi(2)=a2 ndi4 na4 ku3-nda3tu(3)=a2 na4 ndi'3i3 ku3xi3=ra2 sa3kan4 ndi4 ku3xi(3)=a3.,"llegó a donde estaba el hombre y le pidió de comer, el hombre sacó al hombre de su casa y le dijo que esperara a que terminara de comer para darle de comer.",0.7272727272727273
2008-11-01-c,2008-11-01-c_000010,Carlos Rómulo Santiago,"ni1-ka3chi2=ra1 ji'4in(4)=an4 ndi4 ku4ni2=ra1 ji4ni2=ra1=ña4, ni1-ku3chun3 ba3 ta1 kan4 i13xa3 ki'4bi3=ra2=ña4 tan3 i3kan4","ni1-ka3chi2=ra1 ji'4in(4)=an4 ndi4 ku4ni2=ra1 ji4ni2=ra1=ña4, ni1-ku3chun3 ba3 ta1 kan4 i13xa3 ki'4bi3=ra2=ña4 tan3 i3kan4","le dijo que le gustaba, logró convencer a la princesa y entonces,",0.7272727272727273
